stage,name,accuracy,balanced_accuracy,precision,recall,f1,roc_auc,decision_threshold
validation,logistic_regression,,0.5,,,,,0.35
validation,random_forest,,0.5011056678233653,,,,,0.35
test_baseline,majority_class,0.5691056910569106,0.5,,,,,
test_baseline,previous_day_direction,0.5203252032520326,0.5121293800539084,,,,,
test_model,random_forest,0.5101626016260162,0.5604784366576819,0.7746478873239436,0.19642857142857142,0.31339031339031337,0.565532345013477,0.35
